english,russian
abolish,упразднить
abortion,аборт
absence,отсутствие
absent,отсутствует
absorb,"поглощать, впитывать"
abstract,абстрактный
absurd,абсурдный
abundance,изобилие
abuse,злоупотребление
academy,академия
accelerate,ускорить
accent,акцент
acceptance,принятие
accessible,доступный
accidentally,случайно
accommodate,разместить
accomplish,"выполнить, достичь, осуществить"
accomplishment,"достижение, свершение"
accordance,соответствие
accordingly,соответственно
accountability,подотчетность
accountable,подотчетный
accountant,бухгалтер
accumulate,накапливать
accumulation,накопление
accuracy,точность
accurately,точно
accusation,обвинение
accused,обвиняемый
acid,кислота
acquisition,приобретение
acre,акр
activate,активировать
activation,активация
activist,активист
acute,острый
adaptation,адаптация
addiction,зависимость
additionally,дополнительно
adequate,"адекватный, достаточный"
adequately,адекватно
adhere,придерживаться
adjacent,прилегающая территория
adjust,настроить
adjustment,"регулировка, настройка"
administer,управлять
administrative,административный
administrator,администратор
admission,"поступление, зачисление, допуск"
adolescent,подросток
adoption,усыновление
adverse,неблагоприятный
advocate,адвокат
aesthetic,"эстетика, эстетический"
affection,"привязанность, симпатия, любовь"
affordable,доступный
aftermath,последствия
aggression,агрессия
agricultural,сельскохозяйственный
agriculture,сельское хозяйство
aide,помощник
AIDS,СПИД
albeit,хотя и
alert,"оповещение, оповестить, бдительный"
alien,инопланетянин
align,выравнивать
alignment,выравнивание
alike,"похожие, одинаково"
allegation,утверждение
allege,утверждать
allegedly,предположительно
alliance,альянс
allocate,выделить
allocation,распределение
allowance,пособие
ally,союзник
alongside,"рядом с, наряду с, параллельно с"
altogether,"в целом, вообще"
aluminium,алюминий
amateur,"любитель, любительский"
ambassador,посол
ambulance,скорая помощь
amend,вносить изменения
amendment,поправки
amid,"среди, между"
amusing,"забавный, смешной"
analogy,аналогия
analyst,аналитик
ancestor,предок
anchor,"якорь, ведущий, бросить якорь"
angel,ангел
animation,анимация
annually,ежегодно
anonymous,аноним
anticipate,"предвидеть, ожидать"
anxiety,беспокойство
apology,извинения
apparatus,"аппарат, устройство"
appealing,привлекательный
appetite,аппетит
applaud,аплодировать
applicable,применимый
applicant,"заявитель, кандидат"
appoint,назначать
appreciation,"благодарность, признательность, оценка"
appropriately,соответствующим образом
arbitrary,произвольный
architectural,архитектурный
archive,архив
arena,арена
arguably,"возможно, вероятно"
arm,вооружиться
array,"массив, множество, масса"
arrow,стрела
articulate,"артикулировать, выразить, сформулировать"
artwork,произведение искусства
ash,"зола, пепел"
aside,"в сторону, отступление"
aspiration,"аспирация, стремление, сильное желание"
aspire to,стремиться к
assassination,убийство
assault,"нападение, штурм, насилие"
assemble,собрать
assembly,"монтаж, сборка, ассамблея, собрание, сборочный"
assert,"утверждать, заявлять"
assertion,"утверждение, заявление"
asset,актив
assign,назначить
assistance,помощь
assumption,"предположение, допущение"
assurance,"заверение, гарантия, обеспечение"
assure,"заверить, убедить, уверить"
astonishing,"удивительный, поразительный"
asylum,убежище
atrocity,"зверство, злодеяние"
attachment,"вложение, приложение"
attain,"достичь, получить, добиться"
attendance,"посещаемость, посещение"
attorney,"адвокат, прокурор, поверенный"
attribute,"атрибут, приписывать, связывать"
auction,"аукцион, аукционный, продавать с аукциона"
audio,звук
audit,"аудит, проверка, мероприятие по контролю"
authentic,"подлинный, настоящий"
authorize,разрешить
auto,автомобиль
automatic,автоматический
automatically,автоматически
autonomy,"автономия, независимость"
availability,наличие
await,ожидать
awareness,"осознанность, осведомленность, информированность"
awkward,"неловкий, неуклюжий, неловко, нелепо, нелепый, неловкость"
backdrop,"фон, задний план"
backing,поддержка
backup,"резервная копия, резервный"
badge,"значок, жетон"
bail,"залог, поручительство"
balanced,сбалансированный
ballet,балет
balloon,воздушный шар
ballot,"бюллетень, голосование"
banner,"баннер, плакат"
bare,"голый, пустой"
barely,"едва, лишь, редко"
bargain,"выгодная сделка, выгодное предложение"
barrel,"баррель нефти, бочка"
basement,подвал
basket,"корзина, класть в корзину"
bass,"бас, окунь, низкий"
bat,"летучая мышь, биться"
battlefield,поле боя
bay,"залив, бухта"
beam,"луч, балка, сиять, широко улыбаться"
beast,зверь
behalf,от имени
beloved,"любимый, любимая, возлюбленный, возлюбленная"
bench,"скамья, стенд, лавка"
benchmark,"эталон, образец"
beneath,"под, низко, внизу"
beneficial,"выгодный, полезный, выгодно, полезно"
beneficiary,"бенефициар, выгодополучатель"
beside,"рядом с, около, возле"
besides,"кроме, кроме того, помимо"
betray,предавать
bias,"предвзятость, предубеждение"
bid,"заявка, предложение"
bind,"связь, связывать"
biography,биография
biological,биологический
bishop,епископ
bizarre,"причудливый, странный"
blade,"клинок, лезвие, лопасть"
blanket,"одеяло, охватывать, общий"
blast,"взрыв, взрывать"
bleed,"кровоточить, кровотечение"
blend,"смесь, смешивать"
bless,"благословить, благословлять"
blessing,"благословение, освящение"
blow,"удар, дуть"
boast,"хвастаться, гордиться, хвастовство"
bold,"смелый, дерзкий, отважный, решительный"
bombing,бомбардировка
bonus,"бонус, премия"
booking,"бронирование, заказ"
boom,"бум, ажиотаж, расцвет"
boost,"увеличить, повысить, стимулировать, повышение, рост"
bounce,подпрыгивать
bound,"связанный, ограниченный, обязанный"
boundary,граница
bow,"поклон, кланяться, склонить"
breach,"прорыв, нарушение, брешь, нарушать, проламывать"
breakdown,"пробой, поломка, разбивка"
breakthrough,"прорыв, достижение, прорывной"
breed,"порода, выводить, размножать"
brick,"кирпич, брусок"
briefly,"кратко, вкратце"
broadband,"широкополосный, широкополосный доступ"
broadcaster,"вещатель, телекомпания, телеведущий"
broadly,"широко, в общих чертах, в широком смысле"
browser,браузер
brutal,"жестокий, бесчеловечный, брутальный"
buck,самец
buddy,"приятель, дружище"
buffer,"буфер, амортизатор"
bug,"ошибка, дефект"
bulk,"масса, большая часть, объём, оптом"
burden,"бремя, нагрузка, груз"
bureaucracy,бюрократия
burial,"захоронение, похороны, погребение"
burst,"взорваться, лопаться"
cabin,"кабина, салон"
cabinet,"шкаф, ящик"
calculation,"вычисление, расчёт"
canal,"канал, проход"
candle,свеча
canvas,"холст, полотно"
capability,"возможность, способность, потенциал"
capitalism,капитализм
capitalist,капиталистический
carbon,"углерод, карбон"
cargo,"груз, посылка"
carriage,"карета, вагон"
carve,"резать, вырезать"
casino,казино
casual,повседневный
casualty,несчастный случай
catalogue,каталог
cater,"обслуживать, ухаживать"
cattle,"скот, крупный рогатый скот"
caution,"осторожность, осмотрительность"
cautious,"осторожно, осторожный"
cave,пещера
cease,"прекратить, перестать"
cemetery,кладбище
certainty,уверенность
certificate,"сертификат, свидетельство"
challenging,"сложный, трудный"
chamber,"камера, палата, комната"
championship,чемпионат
chaos,хаос
characterize,"характеризовать, описать"
charm,"шарм, очарование, талисман, амулет"
charming,"очаровательный, обаятельный"
charter,"чартер, устав"
chase,"преследовать, преследование"
cheek,щека
cheer,"поддержать, подбодрить"
choir,хор
chop,рубить
chronic,"хронический, постоянный"
chunk,кусок
circuit,"схема, контур, цепь"
circulate,"циркулировать, распространять"
circulation,"циркуляция, тираж, круговорот, передвижение"
citizenship,гражданство
civic,"гражданский, городской, общественный"
civilian,"гражданский, мирный житель, гражданское лицо, гражданин"
civilization,цивилизация
clarify,"уточнить, прояснить, разъяснить, объяснить"
clarity,"ясность, прозрачность, четкость"
clash,"столкновение, конфликт, схватка"
classification,классификация
classify,классифицировать
clerk,"секретарь, служащий, клерк"
cliff,"утес, обрыв, скала"
cling,"цепляться, держаться"
clinic,"клиника, поликлиника, лечебница"
clinical,клинический
clip,"клип, зажим, клипса"
closure,"закрытие, застежка"
cluster,"группа, скопление"
coalition,"коалиция, объединение"
coastal,прибрежный
cocktail,коктейль
cognitive,когнитивный
coincide,совпадать
coincidence,совпадение
collaborate,сотрудничать
collaboration,сотрудничество
collective,"коллективный, общий, совместный"
collector,"коллектор, сборщик"
collision,столкновение
colonial,колониальный
colony,"колония, поселение"
colourful,"красочный, яркий, цветной"
columnist,"обозреватель, журналист"
combat,"бой, бороться"
comic,"комик, комический, комедийный"
commander,командир
commence,"начинать, запустить"
commentary,комментарий
commentator,комментатор
commerce,"коммерция, торговля"
commissioner,"комиссар, уполномоченный"
commodity,"товар, продукт"
communist,"коммунист, коммунистический"
companion,"компаньон, напарник, спутник, спутница"
comparable,"сравнимый, сопоставимый"
comparative,"сравнительный, сопоставительный"
compassion,"сострадание, сочувствие"
compel,заставлять
compelling,"убедительно, убедительный"
compensate,"компенсировать, возместить"
compensation,"компенсация, возмещение"
competence,"компетенция, профессионализм, компетентность"
competent,"компетентный, знающий"
compile,собрать
complement,дополнять
completion,"завершение, окончание"
complexity,сложность
compliance,соблюдение
complication,осложнение
comply,соблюдать
compose,"сочинять, составлять"
composer,композитор
composition,"состав, композиция"
compound,"соединять, соединить, составной, составить"
comprehensive,"всеобъемлющий, исчерпывающий"
comprise,"составлять, включать, включать в себя"
compromise,"компромисс, компрометировать, подставлять"
compulsory,обязательный
compute,вычислять
conceal,"скрыть, скрывать"
concede,уступать
conceive,зачать ребенка
conception,"понятие, представление, концепция"
concession,"уступка, льгота"
concrete,"бетон, бетонный, конкретный"
condemn,"осудить, осуждать"
confer,совещаться
confess,"признаться, признаваться, сознаться, сознаваться"
confession,признание
configuration,"конфигурация, настройки"
confine,ограничить
confirmation,подтверждение
confront,противостоять
confrontation,"противостояние, конфликт"
confusion,"неразбериха, путаница"
congratulate,"поздравить, поздравлять"
congregation,община
congressional,конгрессовый
conquer,"завоевать, покорить, покорять"
conscience,"совесть, сознательность"
consciousness,сознание
consecutive,последовательный
consensus,"консенсус, согласие"
consent,"соглашаться, соглашение"
consequently,"следовательно, соответственно"
conservation,"сохранение, консервация"
conserve,"сохранять, беречь"
considerable,"значительный, существенный"
considerably,"значительно, существенно"
consistency,"последовательность, согласованность, постоянство, консистенция"
consistently,"постоянно, последовательно"
consolidate,"объединить, укреплять, консолидировать, объединять"
conspiracy,"заговор, сговор"
constituency,избирательный округ
constitute,"составлять, создать"
constitution,"Конституция, конституция"
constitutional,"конституционный, конституциональный"
constraint,ограничение
consult,"проконсультироваться, консультироваться, совещаться"
consultant,"консультант, советник"
consultation,"консультация, совещание"
consumption,потребление
contemplate,"обдумать, обдумывать, размышлять"
contempt,"презрение, неуважение, пренебрежение"
contend,утверждать
contender,претендент
content,довольный
contention,"соперничество, противостояние, разногласие"
continually,"постоянно, непрерывно"
contractor,"подрядчик, исполнитель"
contradiction,противоречие
contrary,"противоположный, противоположность, вопреки"
contributor,"вкладчик, помощник, спонсор"
controversial,"спорный, противоречивый"
controversy,"спор, конфликт, разногласие"
convenience,"удобство, комфорт"
convention,"съезд, конвенция"
conventional,обычный
conversion,"превращение, преобразование"
convey,"передавать, транспортировать"
convict,"преступник, осужденный, заключенный"
conviction,"осуждение, обвинительный приговор, приговор"
convincing,"убеждение, убедительный"
cooperate,"сотрудничать, взаимодействовать"
cooperative,"совместный, кооперативный"
coordinate,"координировать, согласовывать, согласовать"
coordination,"координация, согласование, согласованность"
coordinator,"координатор, управляющий"
cop,полицейский
cope,"справиться, справляться"
copper,"медь, медный"
copyright,авторское право
corporation,"корпорация, компания"
correction,"коррекция, корректировка, исправление"
correlate,"коррелировать, сопоставлять, связать, связывать"
correlation,"корреляция, соотношение, связь"
correspond,"соответствовать, переписываться"
correspondence,"соответствие, переписка"
correspondent,"корреспондент, журналист"
corresponding,соответствующий
corridor,коридор
corrupt,"коррумпированный, продажный"
corruption,коррупция
costly,"затратный, дорогостоящий"
councillor,советник
counselling,"консультирование, консультация"
counsellor,"консультант, советник"
counter(n),длинная плоская поверхность
counter(v),"противостоять, противоречить"
counterpart,аналог
countless,бесчисленный
coup,"переворот, путч"
courtesy,"любезность, вежливость"
coverage,"покрытие, охват, распространение"
crack,"трещина, ломаться, ломать"
craft,"ремесло, создавать"
crawl,"ползти, ползать"
creativity,"творчество, креативность"
creator,"создатель, творец"
credibility,"доверие, авторитет, убедительность, достоверность"
credible,заслуживающий доверия
creep,"ползти, красться"
critically,"критически, крайне"
critique,критика
crown,корона
crude,"сырой, черновой"
cruise,"круиз, отправиться в круиз"
crush,"сокрушить, раздробить, дробить, раздавить"
crystal,"кристалл, хрусталь"
cue,"сигнал, намек"
cult,"культ, культовый"
cultivate,"выращивать, развивать"
curiosity,"любопытство, интерес"
curious,любопытный
curriculum,"учебный план, программа, курс обучения"
custody,"опека, опекунство, хранение"
cute,"милый, симпатичный"
cutting,сокращение
cynical,циничный
dairy,"молочный, молокозавод"
dam,"плотина, дамба"
damaging,разрушительный
dare,"осмелиться, осмеливаться, отваживаться"
darkness,"тьма, темнота"
database,база данных
dawn,"заря, рассвет"
deadline,"крайний срок, дедлайн"
deadly,смертельный
dealer,дилер
debris,"мусор, обломки, отходы"
debut,"дебют, первое выступление"
decision-making,принятие решений
decisive,"решительный, решающий"
deck,"палуба, площадка"
declaration,"декларация, заявление"
dedicated,"посвященный, выделенный"
dedication,"преданность, приверженность"
deed,"дело, поступок, деяние"
deem,"считать, думать"
default,"несоблюдение, дефолт, невыполнение"
defect,"дефект, неполадка, повреждение"
defender,защитник
defensive,"оборонительный, защитный, оборонный"
deficiency,"дефицит, недостаток"
deficit,"дефицит, недостаток"
defy,"игнорировать, ослушаться"
delegate,делегировать
delegation,делегация
delete,удалить
delicate,"деликатный, нежный, изысканный"
democracy,демократия
democratic,"демократичный, демократический"
demon,демон
demonstration,"демонстрация, показ"
denial,"отказ, отрицание"
denounce,"осудить, осуждать"
dense,"густой, плотный"
density,плотность
depart,уезжать
dependence,зависимость
dependent,зависимый
depict,изображать
deploy,"развернуть, развертывать, внедрять, внедрить"
deployment,"развертывание, внедрение, размещение"
deposit,"вклад, вкладывать"
depression,"депрессия, уныние"
deprive,"лишать, лишить"
deputy,"заместитель, депутат, представитель"
derive,"производить, получать"
descend,"спускаться, спуститься"
descent,"спуск, склон"
designate,"определять, определить, обозначить, устанавливать, установить"
desirable,"желанный, желаемый, желательный"
desktop,рабочий стол
desperately,"безнадежно, отчаянно"
destruction,"уничтожение, разрушение"
destructive,"разрушительный, уничтожающий"
detain,задерживать
detection,обнаружение
detention,"задержание, арест"
deteriorate,"ухудшаться, разрушаться"
determination,"решимость, решительность, определение"
devastate,"опустошать, опустошить"
devil,"дьявол, черт"
devise,"придумывать, выдумывать"
devote,"посвящать, посветить"
diagnose,"диагностировать, выявить"
diagnosis,"диагноз, диагностика"
dictate,диктовать
dictator,диктатор
differ,"отличаться, различаться"
differentiate,различать
dignity,"достоинство, гордость"
dilemma,"дилемма, затруднительное положение"
dimension,измерение
diminish,"уменьшить, уменьшать, снизить, снижать"
dip,"окунуть, нырнуть, окунать, макать"
diplomat,дипломат
diplomatic,дипломатический
directory,"каталог, справочник, папка"
disability,"инвалидность, недееспособность"
disabled,"инвалид, недееспособный"
disagreement,"несогласие, разногласие"
disappoint,"расстраиваться, разочаровываться, расстроить, разочаровать"
disappointment,"разочарование, огорчение"
disastrous,катастрофический
discard,"отказываться, отвергать, отбрасывать"
discharge,"освободить, освобождать, разряжать, разрядить"
disclose,"раскрыть, раскрывать, разглашать"
disclosure,"раскрытие, разглашение, разоблачение"
discourage,отговаривать
discretion,"усмотрение, осмотрительность, рассудительность"
discrimination,дискриминация
dismissal,"сокращение, увольнение"
disorder,"беспорядок, нарушение, расстройство"
displace,"вытеснять, смещать"
disposal,"утилизация, ликвидация, избавление"
dispose,"избавиться, утилизировать, избавляться"
dispute,"спор, оспаривать, разногласие"
disrupt,"нарушать, разрушать"
disruption,"сбой, нарушение, срыв"
dissolve,"распускать, аннулировать, расторгать"
distant,"далёкий, дальний, дистанционный"
distinct,"особенный, особый, специфический"
distinction,"различие, отличие"
distinctive,"отличительный, характерный, уникальный"
distinguish,"различать, отличать, распознавать"
distort,"искажать, исказить"
distract,отвлекать
distress,"огорчать, расстраивать, расстройство, боль, бедствие"
disturb,"беспокоить, мешать"
disturbing,"беспокоящий, мешающий"
dive,"погружение, нырять"
diverse,разнообразный
diversity,"разнообразие, многообразие"
divert,"отвлекать, отвлечь"
divine,"божественный, божий, святой"
divorce,"развод, разводиться"
doctrine,"учение, теория, доктрина"
documentation,документация
domain,домен
dominance,"превосходство, преобладание, господство"
dominant,"доминирующий, преобладающий, превосходящий, господствующий"
donation,пожертвование
donor,"донор, даритель"
dose,доза
dot,"точка, пятнышко"
downtown,"центр города, городской, центральный, в центре города, в городе"
drain,"слить, осушить, осушать, украсть"
dramatically,"резко, значительно, существенно"
drift,"дрейфовать, заносить"
driving,движущий
drought,"сухость, засуха"
drown,"утонуть, тонуть, утопить, топить"
dual,"двойной, двойственный"
dub,дублировать
dull,"тусклый, скучный"
dumb,тупой
dump,"сваливать, разгружать, сбрасывать"
duo,дуэт
duration,"продолжительность, длительность"
dynamic,"динамичный, динамический, динамика, энергичный, активный"
eager,"жаждущий, стремящийся, усердный"
earnings,"доход, заработок"
ease,"простота, легкость, облегчить"
echo,"эхо, отражать"
ecological,экологический
economics,экономика
economist,экономист
editorial,"редакционный, редакторский"
educator,"педагог, преподаватель"
effectiveness,эффективность
efficiency,эффективность
efficiently,эффективно
ego,"эго, самомнение"
elaborate,"продуманный, замысловатый"
elbow,локоть
electoral,"избирательный, выборный"
electronics,электроника
elegant,"элегантный, изящный, изысканный"
elementary,начальный
elevate,"повышать, возвышать, продвигать, поднимать"
eligible,"соответствующий, соответствующий требованиям, имеющий право"
eliminate,"устранить, исключить, устранять"
elite,элита
embark,"отправиться, отправляться"
embarrassment,"неловкость, смущение"
embassy,посольство
embed,"вставить, вставлять, укрепить, укреплять, внедрить, внедрять"
embody,"воплощать, олицетворять"
embrace,"обнять, обнимать"
emergence,"возникновение, появление"
emission,"выброс, выделение"
emotionally,эмоционально
empire,империя
empirical,"эмпирический, основанный на опыте"
empower,"уполномочивать, уполномочить"
enact,"вводить в действие, ввести в действие, утвердить, воплотить"
encompass,охватывать
encouragement,"поощрение, стимулирование"
encouraging,"поощряющий, ободряющий, стимулирующий"
endeavour,"стремление, старание"
endless,бесконечный
endorse,"одобрять, подтверждать"
endorsement,"одобрение, подтверждение"
endure,"терпеть, выдерживать, вытерпеть"
enforce,"обеспечивать исполнение, приводить в исполнение, принудить"
enforcement,"соблюдение, принуждение"
engagement,"взаимодействие, участие, активность"
engaging,"привлекательный, увлекательный"
enjoyable,"приятный, радостный"
enquire,"поинтересоваться, запрашивать, осведомиться, запросить"
enrich,"обогащать, обогатить, улучшить, улучшать"
enrol,"записываться, записаться, зачисляться, зачислиться"
ensue,"следовать, проистекать, происходить"
enterprise,"предприятие, предпринимательство"
entertaining,"развлекательный, увлекательный"
enthusiast,энтузиаст
entitle,"давать право, дать право, озаглавить, назвать, называть"
entity,"сущность, лицо, организация"
entrepreneur,предприниматель
envelope,конверт
epidemic,"эпидемия, вспышка болезни"
equality,"равенство, равноправие"
equation,уравнение
equip,"оснастить, оборудовать"
equivalent,"эквивалент, аналог, эквивалентный, аналогичный"
era,"эпоха, эра"
erect,"строить, воздвигать, сооружать"
erupt,"извергаться, прорываться"
escalate,"усугублять, усугубить, обострять, обострить, эскалировать"
essence,"суть, экстракт"
essentially,"по сути, существенно, существенным образом, по существу"
establishment,"создание, учреждение, установление"
eternal,вечный
ethic,"этика, этический"
ethnic,"этнический, национальный"
evacuate,эвакуировать
evaluation,оценка
evident,"очевидный, наглядный, явный"
evoke,"вызывать, пробуждать, провоцировать"
evolution,"эволюция, развитие"
evolutionary,эволюционный
evolve,"эволюционировать, развиваться"
exaggerate,преувеличивать
exceed,"превышать, превысить"
excellence,"превосходство, совершенство"
exception,исключение
exceptional,исключительный
excess,"избыток, избыточный"
excessive,"избыточный, чрезмерный, излишний"
exclude,"исключать, исключить"
exclusion,исключение
exclusive,"эксклюзивный, исключительный, особый"
exclusively,"исключительно, только"
execute,"исполнять, выполнять, совершать, совершить, выполнить, исполнить"
execution,"исполнение, выполнение, казнь"
exert,прилагать усилия
exert,прилагать усилия
exhibit,"выставлять, выставка"
exile,изгнание
exit,"выход, выходить, уходить"
exotic,"экзотический, экзотичный"
expansion,"расширение, развитие"
expenditure,"расходы, затраты"
experimental,экспериментальный
expertise,"экспертиза, опыт"
expire,"истекать, заканчиваться"
explicit,"прямой, очевидный, однозначный"
explicitly,"явно, прямо, однозначно"
exploit,"эксплуатировать, использовать"
exploitation,"эксплуатация, использование"
explosive,"взрывной, взрывчатый, взрывчатое вещество, взрывчатка"
exposure,"воздействие, подверженность, экспозиция"
extension,"расширение, продление"
extensive,"большой, широкий, обширный"
extensively,"широко, обширно"
extract,"экстракт, выдержка, извлечь, извлекать, вытаскивать, извлечение"
extremist,экстремист
fabric,"ткань, материал"
fabulous,"сказочный, потрясающий, невероятный"
facilitate,"содействовать, способствовать"
faction,фракция
faculty,факультет
fade,"исчезать, утихать, уменьшаться"
failed,неудачный
fairness,"справедливость, честность"
fake,"подделка, ненастоящий, поддельный"
fame,"слава, известность"
fantasy,"фантазия, фэнтези"
fare,"тариф, плата за проезд, стоимость проезда"
fatal,"смертельный, фатальный, роковой, критический"
fate,судьба
favourable,"благоприятный, выгодный"
feat,"подвиг, достижение"
federal,федеральный
feminist,"феминистка, женский"
fever,"лихорадка, жар"
fibre,"клетчатка, волокно, фибра"
fierce,"жестокий, свирепый"
film-maker,кинорежиссёр
filter,"фильтр, фильтровать, фильтрация"
fine,"штраф, оштрафовать, штрафовать"
firearm,огнестрельное оружие
firefighter,пожарный
firework,фейерверк
firm,"прочный, твердый, крепкий"
firmly,"твердо, четко, решительно"
fit,"подходить, соответствовать"
fixture,"прибор, приспособление"
flavour,вкус
flaw,"недостаток, дефект"
flawed,"небезупречный, дефектный, несовершенный"
flee,"избегать, спасаться бегством"
fleet,"флот, парк, флотилия, автопарк"
flesh,плоть
flexibility,"гибкость, эластичность"
flourish,"процветать, преуспевать"
fluid,жидкость
761. fond,"любящий, испытывающий нежный чувства"
fond,"любящий, испытывающий нежные чувства"
fool,дурак
footage,"видеоматериал, отснятый материал"
forbid,"запрещать, запретить, не позволять"
forecast,"прогноз, предсказание, прогнозировать, предсказывать"
foreigner,иностранец
forge,"ковать, подделать"
format,формат
formation,"формирование, построение"
formerly,"ранее, раньше"
formula,формула
formulate,"формулировать, разрабатывать"
forth,"вперед, далее, дальше"
forthcoming,"предстоящий, грядущий"
fortunate,"счастливый, удачливый"
forum,"форум, съезд"
fossil,"ископаемое, окаменелость"
foster,поощрять
foundation,фонд
founder,"основатель, учредитель"
fragile,"хрупкий, ранимый"
fragment,"фрагмент, кусок"
framework,"рамки, основа, структура"
franchise,франшиза
frankly,"откровенно, честно"
fraud,"мошенничество, обман"
freely,свободно
frequent,"частый, многократный"
frustrated,"раздраженный, разочарованный"
frustrating,разочаровывающий
frustration,"разочарование, досада"
fulfil,"выполнять, выполнить, исполнить, исполнять"
full-time,"полная занятость, полноценный, постоянно"
functional,"функциональный, исправный"
fundraising,сбор средств
fundamentally,"фундаментально, принципиально"
funeral,"погребение, похороны"
furious,яростный
gallon,галлон
gambling,азартные игры
gaming,игра
gathering,"сбор, встреча, собрание"
gay,"гондурастский, гейский"
gaze,"пристальный взгляд, пристально смотреть"
gear,"передача, устройство, снаряжение"
gender,"пол, род"
gene,ген
generic,"общий, универсальный"
genetic,генетический
genius,гений
genocide,геноцид
genuine,"подлинный, настоящий, искренний"
genuinely,"искренне, действительно"
gesture,"жест, знак"
gig,концерт
glance,"взгляд, взглянуть, быстро взглянуть"
glimpse,"быстрый взгляд, проблеск"
globalization,глобализация
globe,"шар, глобус"
glorious,"великолепный, чудесный, восхитительный, славный"
glory,"слава, блаженство, победа"
golden,"золотой, золотистый"
goodness,"доброта, добро, добродушие"
gorgeous,"великолепный, величественный, прекрасный"
governance,"руководство, управление"
governor,"правитель, начальник, губернатор"
grace,"грация, изящество"
graphic,графический
graphics,графика
grasp,"понимать, улавливать, постигать, усваивать, захват, хватка"
grave(n),могила
grave(adj),"серьезный, веский"
gravity,"гравитация, серьезность"
greatly,значительно
greenhouse,теплица
grid,"сетка, решетка"
grief,"горе, печаль, скорбь"
grin,"оскал, оскаливаться, ухмылка, ухмыляться"
grind,"шлифовать, молоть, дробить, измельчать"
grip,"захват, контроль, хватка, держать, сжать, схватить"
grocery,продуктовый магазин
gross,"отвратительный, омерзительный, противный"
guerrilla,партизан
guidance,руководство
guideline,"руководство, указание"
guilt,"вина, виновность"
gut,"кишка, нутро"
habitat,среда обитания
hail,приветствовать
halfway,"наполовину, на полпути"
halt,"останавливать, прекратить, остановить, прекратить, пресечь, прекращение"
handful,горсть
handling,"обработка, обращение, управление, подход"
handy,"удобный, полезный, практичный"
harassment,"домогательство, преследование"
harbour,"гавань, порт, пристань"
hardware,"оборудование, аппаратные средства"
harmony,гармония
harsh,"суровый, жёсткий, резкий, грубый"
harvest,урожай
hatred,ненависть
haunt,"преследовать, охотиться"
hazard,"опасность, риск, вредность, угроза"
headquarters,"штаб-квартира, главный офис, головной офис"
heal,"исцелять, исцелить, зажить, заживать, залечить, залечивать, вылечивать"
healthcare,здравоохранение
heighten,"повысить, повышать, усилить, увеличить"
helmet,"шлем, каска"
hence,"следовательно, таким образом, поэтому"
herb,"трава, растение, пряность"
heritage,"наследие, достояние"
hidden,"скрытый, спрятанный"
hierarchy,иерархия
high-profile,"высокопоставленный, престижный, высокого уровня, авторитетный"
highway,"шоссе, магистраль"
hilarious,"забавный, веселый, шумный, уморительный"
hint,"подсказка, намек, подсказывать, намекать, намекнуть"
hip,бедро
historian,историк
homeland,родина
homeless,бездомный
honesty,"честность, искренность"
hook,"крюк, зацеплять, зацепить"
hopeful,"полный надежды, надеющийся, оптимистичный"
hopefully,с надеждой
horizon,"горизонт, кругозор"
horn,"рог, горн, гудок"
hostage,"заложник, заложница"
hostile,"враждебный, недружественный"
hostility,"враждебность, неприязнь, вражда"
humanitarian,гуманитарный
humanity,"человечество, человечность"
humble,"скромный, покорный"
hunger,голод
hydrogen,водород
hypothesis,"гипотеза, предположение"
icon,"значок, икона, символ"
ID,удостоверение личности
identical,"идентичный, одинаковый"
identification,идентификация
ideological,идеологический
ideology,"идеология, мировоззрение"
idiot,"дурак, идиот, идиотка"
ignorance,"невежество, незнание, неведение"
illusion,иллюзия
imagery,"изображение, проекция, снимок"
immense,"огромный, колоссальный"
immigration,иммиграция
imminent,"неминуемый, неотвратимый, неизбежный"
immune,"иммунный, невосприимчивый, неуязвимый"
implement,"осуществлять, внедрять, реализовывать"
implementation,"осуществление, внедрение, реализация, исполнение"
implication,"значение, подтекст, смысл"
imprison,заключать в тюрьму
imprisonment,"лишение свободы, заключение, заточение"
inability,"неспособность, невозможность, неумение"
inadequate,неадекватный
inappropriate,"неуместный, несоответствующий, неподходящий"
incentive,"стимул, поощрение, толчок"
incidence,"частота, частотность, масштаб"
inclined,"наклоненный, склонный"
inclusion,"включение, вовлечение"
incorporate,включать
incorrect,"неправильный, неверный"
incur,"подвергаться, подвергнуться, взять на себя, брать на себя"
independence,независимость
index,"индекс, показатель, указатель"
indication,"индикация, указание, показание, признак"
indicator,"индикатор, показатель"
indictment,"обвинительное заключение, официальное обвинение"
indigenous,"коренной, местный"
induce,"вызывать, вызвать, стимулировать"
indulge,"баловать, потакать, побаловать"
inequality,"неравенство, разница"
inevitable,неизбежный
inevitably,неизбежно
infamous,"печально известный, скандально известный, позорный, постыдный"
infant,"младенец, ребенок"
infect,"заражать, заразить"
infer,"делать вывод, заключать"
infer,"делать вывод, заключать"
inflation,инфляция
inflict,"нанести, наносить, причинять"
influential,"влиятельный, важный"
info,"информация, данные"
infrastructure,инфраструктура
inhabitant,"житель, обитатель"
inherent,"присущий, неотъемлемый, врождённый"
inherit,"наследовать, получать в наследство, унаследовать"
inhibit,"препятствовать, подавлять, сдерживать"
initiate,"инициировать, начать, начинать"
inject,"вводить, впрыскивать"
injection,"инъекция, впрыск, введение"
ink,"чернила, тушь, краска"
inmate,"узник, заключённый, заключенный"
innovation,"инновация, новаторство, нововведение"
innovative,"инновационный, новаторский"
input,"ввод, вход"
insert,"вставлять, вводить, вставить"
insertion,"вставка, введение, включение"
insider,"инсайдер, хорошо осведомлённый человек"
inspect,"проверять, проверить, осматривать, осмотреть, рассмотреть"
inspection,"осмотр, обследование, проверка, контроль, инспектирование"
inspector,"проверяльщик, инспектор, ревизор, проверяющий"
inspiration,"вдохновение, воодушевление"
installation,"установка, монтаж, сооружение"
instant,"мгновенный, моментальный"
instantly,"мгновенно, моментально, сразу"
instinct,"чутьё, инстинкт, интуиция"
institutional,"институциональный, институционный, организационный"
instruct,"инструктировать, обучать, давать приказ"
instrumental,инструментальный
insufficient,недостаточный
insult,"оскорбление, оскорблять, оскорбить"
intact,"неповреждённый, нетронутый"
intake,"потребление, приём"
integral,"неотъемлемый, целостный, комплексный"
integrate,интегрировать
integrated,"интегрированный, встроенный"
integration,"интеграция, встраивание"
integrity,"целостность, добросовестность, честность, порядочность"
intellectual,"интеллектуальный, интеллектуал, интеллигент"
intensify,"усилить, нарастить, наращивать, увеличивать, увеличить"
intensity,"интенсивность, глубина (цвета)"
intensive,"интенсивный, тщательный, активный, усиленный"
intent,"намерение, цель, умысел, замысел"
interact,взаимодействовать
interaction,взаимодействие
interactive,интерактивный
interface,интерфейс
interfere,"вмешиваться, препятствовать"
interference,"вмешательство, помеха, нарушение"
interim,"временный, промежуточный"
interior,"интерьер, внутренний"
intermediate,"промежуточный, средний, переходный"
interpretation,"интерпретация, толкование, понимание"
interval,"интервал, промежуток"
intervene,вмешиваться
intervention,"вмешательство, интервенция"
intimate,"интимный, близкий"
intriguing,"интригующий, увлекательный, занимательный"
invade,"вторгаться, вмешиваться"
invasion,"вторжение, вмешательство, нашествие"
investigator,следователь
investor,"инвестор, вкладчик"
invisible,невидимый
invoke,"вызывать, призывать, ссылаться"
involvement,"участие, вовлечение, причастность"
ironic,"ироничный, иронический"
ironically,"иронично, по иронии судьбы, по иронии"
irony,ирония
irrelevant,"неуместный, не имеющий отношения к делу, малозначительный"
isolate,изолировать
isolated,"изолированный, отдельный, обособленный"
isolation,изоляция
jail,"тюрьма, сажать в тюрьму"
jet,"струя, поток, реактивный самолёт"
joint,"соединять, соединение, сустав, кабак, забегаловка, совместный, общий"
journalism,журналистика
judicial,"судебный, судейский, законный"
junction,"перекресток, узел, соединение, пересечение"
jurisdiction,юрисдикция
jury,"жюри, суд присяжный"
just,"справедливый, объективный, беспристрастный"
justification,"оправдание, обоснование"
kidnap,"похитить, похищать"
kidney,почка
kingdom,"королевство, царство"
kit,"набор, комплект"
lad,"парень, мальчишка"
ladder,лестница
landing,"посадка, приземление"
landlord,"арендодатель, владелец"
landmark,"ориентир, достопримечательность, памятник"
lane,"переулок, аллея"
lap,"круг, заезд, раунд"
large-scale,крупномасштабный
laser,лазер
lately,"в последнее время, за последнее время"
latter,"последний, поздний"
lawn,"газон, лужайка"
lawsuit,"судебный процесс, иск"
layout,"макет, план, планировка, структура, разметка"
leaflet,"листовка, брошюра"
leak,"утечка, утекать, течь, сливать"
leap,"скачок, прыжок, прыгать, прорыв"
legacy,"наследие, наследство, достояние"
legend,легенда
legendary,легендарный
legislation,"законодательство, закон, законопроект"
legislative,законодательный
legislature,"законодательный орган, законодатель, законодательная власть"
legitimate,"законный, легитимный"
lengthy,"длительный, долгий, затяжной"
lens,"линза, объектив"
lesbian,лесбиянка
lesser,"малый, небольшой, незначительный"
lethal,"летальный, смертельный"
liable,ответственный
liberal,"либеральный, свободный, либерал"
liberation,освобождение
liberty,"свобода, вольность"
license,лицензировать
lifelong,"пожизненный, долгосрочный, на протяжении всей жизни"
lifetime,"продолжительность жизни, пожизненный"
lighting,освещение
likelihood,"вероятность, возможность, правдоподобие"
likewise,"также, аналогичным образом, таким же образом"
limb,конечность
limitation,ограничение
linear,"линейный, прямолинейный"
line-up,"расстановка, расположение"
linger,"задерживаться, бездельничать, шляться без дела"
listing,"список, перечень"
literacy,грамотность
literally,"буквально, дословно"
literary,литературный
litre,литр
litter,"помёт, мусор"
liver,печень
lobby,"лобби, фойе, холл, лоббировать"
log,"журнал, дневник, заносить в журнал"
logic,"логика, логичность"
logo,логотип
long-standing,"давний, длительный"
long-time,"многолетний, долгое время, в течение длительного времени"
loom,"мерещиться, появиться, появляться, маячить"
loop,"петля, цикл, контур"
lottery,лотерея
loyal,"лояльный, верный, преданный"
loyalty,"лояльность, верность, преданность"
lyric,"лирика, слово"
machinery,"оборудование, техника, машинное оборудование"
magical,"магический, волшебный, сказочный"
magistrate,судья
magnetic,"магнитный, магнетический"
magnificent,"великолепный, замечательный, прекрасный, бесподобный"
magnitude,"величина, магнитуда"
mainland,"материк, континент, суша"
mainstream,"популярный, мейнстрим, основное направление, модный тренд, главный тренд"
maintenance,"обслуживание, содержание"
make-up,макияж
making,"создание, изготовление, производство"
mandate,"мандат, полномочия"
mandatory,"обязательный, принудительный"
manifest,"проявляться, обнародовать, проявлять"
manipulate,"манипулировать, управлять"
manipulation,"манипуляция, управление, манипулирование"
manufacture,"изготавливать, производить, изготовить, создавать, создать"
manufacturing,"производство, изготовление"
manuscript,"рукопись, манускрипт"
marathon,марафон
march,"марш, маршировать, демонстрация"
margin,"маржа, разница"
marginal,"окраинный, маргинальный, несущественный, крайний, предельный"
marine,морской
marker,"маркер, метка, показатель, признак"
marketplace,"рынок, торговая площадь, торговая площадка, маркетплейс"
martial,военный
mask,маска
massacre,"резня, массовое убийство, бойня"
mate,"товарищ, помощник, приятель, спариваться"
mathematical,математический
mature,"зрелый, созревший, развитый, возмужалый, созреть, вырасти"
maximize,максимизировать
mayor,"мэр, градоначальник"
meaningful,"значимый, информативный, значительный, содержательный, важный"
meantime,"момент, тем временем, между тем"
mechanic,"механик, слесарь"
mechanical,"механический, машинный, технический, машинальный"
mechanism,"механизм, устройство"
medal,медаль
medication,"лекарство, препарат, лечение"
medieval,средневековый
meditation,"медитация, размышление"
melody,"мелодия, напев"
membership,членство
memo,"записка, памятка, меморандум"
memoir,"мемуары, воспоминания"
memorial,памятник
mentor,"ментор, наставник"
memorable,запоминающийся
merchant,"купец, торговец"
mercy,"милость, милосердие, сострадание"
mere,"просто, простой, чистый"
merely,"всего лишь, просто, только"
merge,"объединять, объединить, сливаться"
merger,"слияние, объединение"
merit,"заслуга, достоинство"
metaphor,метафора
methodology,"методология, методика"
midst,"середина, центр"
migration,"миграция, переход"
militant,"боевик, воинственный, воинствующий"
militia,"милиция, ополчение"
mill,"мельница, стан"
miner,шахтёр
minimal,"минимальный, наименьший"
minimize,"минимизировать, свести к минимуму"
mining,"добыча, добыча полезных ископаемых"
ministry,министерство
minute,"минутный, незначительный, пустяковый"
miracle,чудо
miserable,"несчастный, убогий, жалкий, печальный"
misery,"несчастье, горе, страдание, бедствие"
misleading,"обманчивый, лживый, вводящий в заблуждение"
missile,"ракета, снаряд"
mob,"толпа, сборище, банда"
mobility,"мобильность, подвижность, маневренность"
mobilize,"мобилизовать, привлекать, задействовать"
mode,"режим, способ, метод"
moderate,"умеренный, средний, сдержанный"
modest,"скромный, небольшой, ограниченный, сдержанный"
modification,"модификация, изменение, доработка"
momentum,"импульс, момент, динамика, темп"
monk,монах
monopoly,монополия
monster,"монстр, чудовище"
monthly,"ежемесячный, месячный"
monument,"памятник, монумент, мемориал"
morality,"нравственность, мораль"
moreover,"более того, кроме того"
mortgage,ипотека
mosque,мечеть
motion,движение
motivate,"мотивировать, стимулировать"
motivation,"мотивация, стимул"
motive,"мотив, побуждение, основание"
motorist,"автомобилист, водитель"
moving,"трогательный, волнующий, движущийся"
municipal,"муниципальный, местный, городской"
mutual,"взаимный, совместный"
myth,"миф, вымысел"
naked,"голый, нагой, явный, обнажённый"
namely,"а именно, конкретно, то есть"
nasty,"противный, мерзкий, неприятный"
nationwide,"по всей стране, общенародный, всенародный, общенациональный"
naval,"морской, военно-морской, флотский"
navigation,навигация
nearby,"близлежащий, соседний, ближний, поблизости, неподалеку, подле"
necessity,"необходимость, потребность, нужда"
neglect,"пренебрежение, игнорирование, пренебрегать, игнорировать"
negotiate,"вести переговоры, переговариваться"
negotiation,"переговоры, ведение переговоров, обсуждение"
neighbouring,соседний
nest,гнездо
net,чистый
neutral,"нейтральный, безразличный"
newly,"вновь, недавно"
newsletter,"новости, информационный листок, вестник"
niche,"ниша, убежище"
noble,благородный
nod,"кивать, кивать головой"
nominate,"выдвигать кандидатуру, предлагать, номинировать, назначить"
nomination,"номинация, выдвижение, назначение"
nominee,"кандидат, номинант"
nonetheless,"тем не менее, однако, всё же"
non-profit,некоммерческий
nonsense,"нонсенс, чепуха, бессмыслица, нелепица, абсурд"
noon,полдень
norm,норма
notable,"заметный, значительный, примечательный"
notably,"особенно, заметно, в частности, существенно"
notebook,"блокнот, тетрадь, записная книжка"
notify,"уведомлять, уведомить, сообщать, информировать, оповещать"
notorious,"печально известный, пресловутый"
novel,"новый, новаторский, нестандартный, оригинальный"
novelist,"писатель, романист"
nowadays,"в настоящее время, ныне, теперь, в наши дни, в наше время, сейчас"
nursery,"питомник, ясли, детская комната"
nursing,"грудной, кормящий"
nutrition,"питание, кормление"
obesity,"ожирение, тучность"
objection,"возражение, протест, несогласие"
oblige,"обязывать, принуждать, заставлять"
observer,"наблюдатель, обозреватель, зритель"
obsess,"зацикливаться, беспокоиться, овладевать, увлекаться"
obsession,"одержимость, зависимость, зацикленность"
obstacle,"препятствие, помеха, преграда"
occasional,"случайный, нерегулярный"
occupation,"оккупация, занятие, род деятельности, профессия, должность"
occupy,"оккупировать, занять"
occurrence,"происхождение, появление, случай, событие"
odds,"шансы, вероятность, шанс"
offender,"преступник, правонарушитель, нарушитель"
offering,"дар, жертва, подношение, предложение"
offspring,"потомство, отпрыск, потомок"
ongoing,"продолжительный, продолжающийся, текущий, постоянный"
openly,"открыто, откровенно"
opera,опера
operational,"операционный, рабочий, исправный"
operator,"оператор, диспетчер, управляющий"
opt,выбирать
optical,оптический
optimism,"оптимизм, оптимистичность"
optimistic,оптимистичный
oral,"устный, ротовой, оральный, словесный"
orchestra,оркестр
organic,"органичный, органический, естественный"
organizational,организационный
orientation,"ориентация, ориентирование, ориентировка, направленность"
originate,"возникать, происходить, зарождаться, формироваться"
outbreak,"вспышка, неожиданное начало, начало, внезапное начало"
outfit,"наряд, снаряжение, одежда, экипировка"
outing,"прогулка, поход, турпоход"
outlet,"розетка, выход, отвод, торговая точка, торговый центр"
outlook,"перспектива, прогноз, мировоззрение, взгляд, точка зрения"
output,"выход, производительность, выпуск, результат"
outrage,"возмущение, негодование, оскорбить, надругаться"
outsider,"чужак, аутсайдер, посторонний"
outstanding,"выдающийся, выделяющийся, отличный, замечательный"
overcome,"преодолевать, превосходить"
overlook,"не замечать, игнорировать, не придавать значения"
overly,"чрезмерно, чересчур, слишком"
overnight,"всю ночь, в одночасье, на ночь, неожиданно, накануне вечером"
overseas,"зарубежный, заграничный, за границей, зарубежно, заморский"
oversee,"осуществлять надзор, следить, присматривать"
overturn,"переворачивать, опровергать"
overwhelm,"ошеломлять, подавлять, овладевать, поражать"
overwhelming,"подавляющий, ошеломляющий, непреодолимый, чрезмерный"
ownership,"владение, собственность, право собственности"
oxygen,кислород
packet,"пакет, пачка"
pad,"площадка, прокладка, накладка, подушечка, тампон, панель"
palm,"пальма, ладонь"
panic,паника
parade,"парад, шествие"
parallel,"параллель, аналогия, параллельный, аналогичный"
parameter,"показатель, параметр"
parental,родительский
parish,"приход, округ"
parliamentary,парламентарный
partial,"частичный, неполный"
partially,"частично, отчасти"
participation,"участие, причастность"
partnership,"сотрудничество, партнёрство"
part-time,"неполный, неполный рабочий день, на полставки, не полную недели"
passing,"проходящий, переходящий, случайный, мгновенный"
passionate,"страстный, желанный, горячий, пламенный"
passive,"пассивный, бездеятельный"
password,"пароль, пропуск"
pastor,"пастор, пастырь"
patch,"патч, заплатка"
patent,"патент, право"
pathway,"путь, дорожка, тропа, тропинка"
patience,"терпение, терпеливость"
patrol,"патруль, патрулировать, патрулирование, обход"
patron,"покровитель, меценат, патрон, глава, шей"
pause,"пауза, перерыв, остановка, передышка, сделать паузу"
peak,"пик, вершина, максимум, высшая точка, кульминация"
peasant,"крестьянин, простолюдин"
peculiar,"своеобразный, особенный, необычный, особый, специфичный"
peer,"ровесник, сверстник, ровня"
penalty,"штраф, пенальти, наказание"
perceive,"ощущать, воспринимать"
perception,"восприятие, ощущение, представление"
permanently,"навсегда, постоянно, окончательно"
persist,"настаивать, упорствовать, сохраняться, продолжать действовать"
persistent,"устойчивый, постоянный, настойчивый, упорный, стойкий"
personnel,"персонал, кадры, сотрудники, штат"
petition,"заявление, петиция, ходатайство, прошение"
philosopher,"философ, мыслитель"
philosophical,философский
physician,"врач, доктор, медик, терапевт"
pill,"таблетка, пилюля"
pioneer,"пионер, первопроходец, новатор, быть первопроходцем"
pipeline,"трубопровод, нефтепровод, канал"
pirate,пират
pit,"яма, карьер, лунка, котлован, впадина"
pity,"жалость, сострадание, жалкий, неприятный"
placement,"размещение, расположение, назначение, трудоустройство"
plea,"заявление, аргумент, просьба"
plead,"умолять, просить, выступать в суде"
pledge,"залог, обязательство, обещание, поручительство, давать обещание"
plug,"вилка, штекер, закупоривать"
plunge,"погружать, погружаться, окунать, окунаться"
pole,"полюс, столб"
poll,опрос
pond,пруд
pop,"лопаться, хлопать, издавать хлопок, глотать"
portfolio,"портфолио, портфель"
portion,"часть, доля, порция"
portray,"изображать, изобразить"
postpone,"отложить, откладывать, переносить, отсрочить"
post-war,послевоенный
potentially,"потенциально, возможно, теоретически"
practitioner,"практик, практикующий специалист"
preach,"поучать, проповедовать"
precede,предшествовать
precedent,прецедент
precious,"драгоценный, ценный, бесценный"
precise,"точный, конкретный"
precisely,"точно, именно"
precision,"точность, четкость, аккуратность"
predator,хищник
predecessor,предшественник
predictable,"предсказуемый, прогнозируемый"
predominantly,"преимущественно, особенно"
preference,"преимущество, предпочтение"
pregnancy,беременность
prejudice,"ущерб, предвзятость, предубеждение"
preliminary,"подготовительный, предварительный, начальный"
premier,"премьер, премьер-министр"
premise,предположение
premium,"премия, взнос, награда"
prescribe,"назначать, предписывать"
prescription,"рецепт, предписание, назначение"
presently,"сейчас, в настоящее время"
preservation,"сохранение, сохранность, охрана, хранение"
preside,"руководить, главенствовать, председательствовать"
presidency,"председательство, президентство, пост президента"
presidential,президентский
prestigious,престижный
presumably,"предположительно, вероятно, возможно"
presume,"предполагать, предположить, полагать, позволять себе"
prevail,"преобладать, одерживать победу, превалировать"
prevalence,"преобладание, распространенность"
prevention,"предотвращение, профилактика, предупреждение"
prey,"добыча, жертва"
pride,"гордость, гордыня, достоинство"
primarily,"в первую очередь, преимущественно, прежде всего, главным образом"
principal,"основной, главный, руководитель, директор"
prior,"предыдущий, предшествующий"
privatization,приватизация
privilege,"привилегия, честь"
probability,"вероятность, возможность"
probable,"вероятный, возможный"
probe,"зонд, датчик, проба, прощупывать, пробовать"
problematic,"проблематичный, сомнительный"
proceed,"приступать, действовать, происходить"
proceedings,"дела, процедура, процесс, разбирательство, судопроизводство"
proceeds,"выручка, поступления"
processing,"обработка, оформление, рассмотрение"
processor,"обработчик, процессор"
proclaim,"провозглашать, проповедовать, возвещать, заявлять, объявлять"
productive,"продуктивный, плодовитый, работящий"
productivity,"продуктивность, производительность, эффективность"
profitable,"прибыльный, доходный, выгодный, рентабельный"
profound,"глубокий, глубокомысленный, сильный"
programming,программирование
progressive,"прогрессивный, передовой"
prohibit,"запретить, запрещать"
projection,"проекция, выступ, прогноз, проектирование"
prominent,"выдающийся, известный, видный, значительный"
promising,"перспективный, многообещающий"
promotion,"продвижение, содействие, повышение, повышение в звании"
prompt,"подсказывать, побуждать"
pronounced,"выраженный, произнесенный"
propaganda,"пропаганда, агитация"
proportion,"доля, часть, соотношение, пропорция, пропорциональность"
proposition,предложение
prosecute,"привлекать к ответственности, преследовать, обвинять"
prosecution,"уголовное преследование, преследование, судебное преследование"
prosecutor,"прокурор, обвинитель"
prospective,"перспективный, будущий, потенциальный, предполагаемый"
prosperity,"процветание, благосостояние, благополучие, преуспевание, достаток"
protective,"защитный, предохранительный"
protein,"протеин, белок"
protester,"протестующий, протестант"
protocol,"протокол, правила"
province,"провинция, область, компетенция"
provincial,"провинциальный, местный"
provision,"обеспечение, предоставление, положение, резерв, снабжение"
provoke,"провоцировать, спровоцировать"
psychiatric,психиатрический
psychological,психологический
publicity,"известность, гласность, публичность"
publishing,"публикация, издательство, издание"
pulse,"импульс, пульс, пульсация, биение"
pump,"насос, качать, накачивать"
punch,"удар, ударять, компостировать"
punk,"панк, сопляк, дурак, слюнтяй"
purely,"чисто, сугубо, исключительно"
pursuit,"преследование, стремление, погоня"
puzzle,"пазл, головоломка, загадка, мозаика"
query,"запрос, сомнение, вопрос"
quest,"квест, поиск, искание"
questionnaire,"опросник, анкета, вопросник"
quota,"квота, часть, доля"
racial,"расовый, расистский"
racism,расизм
racist,"расист, расистский"
radar,радар
radiation,"излучение, радиация, облучение"
radical,"радикальный, коренной"
rage,"ярость, гнев"
raid,"рейд, набег, проводить набег, нападать"
rail,"рельс, перила"
rally,"авторалли, митинг, сплотиться"
random,"случайный, произвольный"
ranking,"рейтинг, ранжирование, иерархия"
rape,"изнасилование, насиловать, изнасиловать"
rat,крыса
rating,"рейтинг, оценка"
ratio,"соотношение, коэффициент, пропорция, сечение, показатель"
rational,"рациональный, разумный"
ray,"луч, излучение"
readily,"легко, охотно"
realization,"осознание, реализация, осуществление"
realm,"царство, королевство, сфера"
rear,"тыл, задняя часть, задний, тыловой"
reassure,"успокоить, заверить, ободрять, обнадеживать"
reasonably,"обоснованно, разумно"
reasoning,"рассуждение, обоснование"
rebel,"бунтарь, мятежник"
rebellion,"бунт, восстание, мятеж"
rebuild,"перестраивать, восстанавливать, переделывать, строить заново"
receiver,"приёмник, получатель, ресивер"
recession,"спад, кризис, рецессия"
recipient,"получатель, адресат"
reckon,"считать, рассчитывать, думать"
recognition,"признание, опознание, распознание"
reconstruction,"реконструкция, восстановление"
recount,"излагать подробно, рассказывать"
recovery,"восстановление, выздоровление"
recruit,"рекрут, рекрутировать, нанимать"
recruitment,"рекрутинг, набор, набор персонала, найм"
referee,"рефери, судья"
referendum,"народное голосование, референдум"
reflection,"отражение, рефлексия, размышление, обдумывание"
reform,"реформа, реформирование, проводить реформы, исправлять"
refuge,"убежище, прибежище"
refugee,"беженец, беженка"
refusal,"отказ, отклонение"
regain,"вернуть, возвращать, восстановить"
regardless,"независимо от, всё равно"
regime,"режим, власть, строй"
registration,"регистрация, оформление"
regulate,"регулировать, регламентировать, нормировать, нормализовывать"
regulator,"регулятор, стабилизатор"
regulatory,"регуляционный, нормативный, регулятивный"
rehabilitation,"реабилитация, восстановление"
reign,"царствование, правление, царствовать, править"
reinforce,"усиливать, укреплять, подкреплять"
rejection,"отказ, неприятие, отклонение"
relevance,"актуальность, значимость, релевантность"
reliability,"надёжность, достоверность, безопасность работы"
relieve,"облегчать, освобождать, уменьшать"
relieved,"облегчённый, освобождённый"
reluctant,"неохотный, нерасположенный, вынужденный"
remainder,"остаток, остальное"
remains,"остатки, останки, следы"
remarkable,"выдающийся, значительный, уникальный, примечательный"
remarkably,"замечательно, значительно, удивительно, примечательно"
remedy,"средство, лекарство"
reminder,"напоминание, памятка"
removal,"удаление, снятие"
render,"оказывать, предоставлять, выносить"
renew,"возобновлять, обновить, продлить срок действия"
renowned,"известный, знаменитый"
rental,"аренда, арендная плата"
replacement,"замена, смена"
reportedly,"по сообщениям, как сообщается, по имеющимся сведения"
reporting,"информирование, отчётность"
representation,"образ, представление, представительство, картина"
reproduce,"воспроизводить, воспроизвести, воспроизводиться"
reproduction,"репродукция, воспроизведение, размножение, воспроизводство"
republic,республика
resemble,"напоминать, походить"
reside,"проживать, находиться"
residence,"резиденция, проживание, место жительства"
residential,"жилой, жилищный"
residue,"остаток, осадок"
resign,"отказываться, уходить в отставку, слагать полномочия"
resignation,"отставка, увольнение, покорность, заявление об уходе"
resistance,"сопротивление, устойчивость, стойкость"
resolution,"разрешение, решение, резолюция, решимость"
respective,"соответствующий, соответственный"
respectively,"соответственно, соответствующе"
restoration,"восстановление, реставрация"
restore,"восстанавливать, реставрировать"
restraint,"сдержанность, ограничение"
restrict,"ограничивать, ограничить"
restriction,"ограничение, запрет"
resume,"возобновлять, резюмировать, подводить итоги"
retail,"ритейл, розница, розничная торговля"
retirement,"уход в отставку, уход на пенсию, пенсия, уход"
retreat,"удаляться, отступление, пристанище, отбой"
retrieve,"восстанавливать, извлекать"
revelation,"откровение, выявление, открытие, разоблачение"
revenge,"реванш, месть"
revenue,"доход, выручка"
reverse,"обратный, реверс, обратное, изменять, отменять, противоположное"
revision,"пересмотр, ревизия, редакция, сверка, поправка, исправление"
revival,"возрождение, пробуждение, оживление, восстановление, возобновление"
revive,"восстановить, возродить, пробудить"
revolutionary,революционный
rhetoric,"риторика, ораторское искусство"
ridiculous,"смешной, нелепый, глупый, странный"
rifle,"винтовка, карабин, ружьё, нарез"
riot,"бунт, мятеж, беспорядки, буйство, волнение"
rip,"порвать, рвать, разрывать"
risky,"рискованный, рискованно"
ritual,"ритуал, обряд"
rival,"соперник, конкурент, соперница, противник"
rob,"грабить, обкрадывать"
robbery,"грабёж, разбой"
robust,"прочный, надёжный, крепкий, сильный"
rock,"качать, раскачивать, ошарашивать"
rocket,"ракета, руккола"
rod,"штанга, стержень, прут, удочка"
romance,"романтика, роман, романтические отношения"
rose,роза
rotate,"вращать, вращаться, поворачивать, крутить"
rotation,"вращение, поворот, оборот"
roughly,"примерно, приблизительно, около"
ruin,"разрушать, портить, руина, развалина"
ruling,"постановление, решение"
rumor,слух
sack,"уволить, вышвырнуть"
sacred,"священный, святой, сакральный"
sacrifice,"жертвовать, приносить в жертву, жертвоприношение, жертва"
saint,святой
sake,сакэ
sanction,"разрешение, запрет, санкция"
satisfaction,"удовлетворение, удовлетворённость"
say,"мнение, право голоса, выражение, высказывание"
scandal,скандал
scare,"пугать, запугивать, паника"
scattered,"рассеянный, разбросанный, рассыпанный"
scenario,"сценарий, план, вариант"
sceptical,скептический
scholar,"учёный, исследователь"
scholarship,"стипендия, грант, образованность"
scope,"рамки, область, сфера, объём, охват, возможность, диапазон, трубка"
scratch,"царапать, чесать, царапина, ссадина"
screening,"скрининг, показ, обследование, отбор"
screw,"винт, шуруп, привинчивать, привинтить, вкручивать, трахать"
scrutiny,"проверка, тщательное исследование, внимательный осмотр"
seal,"уплотнение, печать, знак, уплотнитель, запечатывать, тюлень"
secular,"светский, вековой"
seeker,искатель
seemingly,"кажется, казалось бы, на первый взгляд, на вид"
segment,"сегмент, участок, сектор"
seize,"воспользоваться, налагать арест, захватывать"
seldom,"редко, нечастый"
selective,"избирательный, выборочный, селективный, отборочный"
seminar,семинар
senator,сенатор
sensation,"сенсация, ощущение"
sensitivity,"чувствительность, восприимчивость"
sentiment,"чувство, настроение"
separation,"разделение, отделение, сортировка"
serial,"серийный, последовательный"
settlement,"поселение, урегулирование, колония"
settler,"поселенец, колонист"
set-up,"настройка, установка"
severely,"сурово, строго, тяжело"
sexuality,сексуальность
sexy,"секси, сексуальный, сексапильный"
shaped,"профилированный, фигурный, формованный"
shareholder,акционер
shatter,"разрушить, раздробить"
shed,"проливать, пролить, проронить"
sheer,"настоящий, чистый, прозрачный"
shipping,"доставка, отгрузка, отправка, транспортировка, поставка"
shocking,шокирующий
shoot,"побег, съёмка, охота"
shore,"берег, побережье"
short-term,краткосрочный
shortage,"дефицит, нехватка, недостаток"
shortly,"вскоре, скоро"
shrink,"уменьшаться, давать осадку"
shrug,пожимать плечами
sibling,брат или сестра
sigh,"вздох, вздыхать"
signature,"подпись, подписание"
significance,"значение, значимость, важность"
simulate,"симулировать, имитировать, моделировать"
simulation,"симулятор, моделирование, имитация, симулирование"
simultaneously,одновременно
sin,грех
situated,расположенный
sketch,"эскиз, набросок, зарисовка"
skilled,"квалифицированный, обученный, умелый"
skip,пропускать
skull,череп
slam,"хлопать, хлопнуть, сильно критиковать"
slap,"бить, давать пощёчину"
slash,"рассекать, рубить, ранить"
slavery,рабство
slogan,"слоган, девиз, лозунг"
slot,"слот, щель, прорезь, разъём, выемка"
smash,"громить, разгромить, разбивать"
snap,щёлкать
so-called,так называемый
soak,"впитывать, замачивать, промокать"
soar,"взлетать, парить, воспарять"
socialist,"социалист, социалистический"
sole,"единственный, подошва"
solely,"только, исключительно, лишь"
solicitor,адвокат
solidarity,"солидарность, единство"
solo,"соло, сольный"
somehow,"как-то, каким-то образом, так или иначе, почему-то"
sometime,"примерно, приблизительно, когда-нибудь"
sophisticated,"изысканный, сложный"
sound,"звуковой, звучный, качественный, крепкий, стабильный"
sovereignty,"суверенитет, независимость"
spam,спам
span,"охватить, охватывать, продолжительность, период, диапазон, срок"
spare,"запасной, резервный, сэкономить, обходиться без"
spark,"разжечь, разжигать, искрить"
specialize,"специализироваться, конкретизировать"
specialized,специализированный
specification,"спецификация, детализация"
specify,"указывать, определять, указать, определить"
specimen,"образец, экземпляр"
spectacle,"спектакль, зрелище, представление"
spectacular,"впечатляющий, зрелищный, захватывающий, эффектный"
spectator,"зритель, наблюдатель"
spectrum,"спектр, диапазон"
speculate,"спекулировать, предполагать"
speculation,"спекуляция, умозрение, предположение"
spell,"заклинание, чары"
sphere,"область, сфера"
spice,"пряность, специя"
spill,"проливать, пролить, разлить, разливать, растекаться, разлив, утечка"
spin,"спин, вращение, крутить, вращать, вертеть"
spine,"позвоночник, корешок"
spite,"злоба, досаждать, злить"
spoil,"испортить, портить, портиться"
spokesman,"представитель, пресс-секретарь, спикер"
spokesperson,"представитель, пресс-секретарь, спикер"
spokeswoman,"пресс-секретарь, представитель"
sponsorship,"спонсорство, финансирование"
sporting,спортивный
spotlight,"прожектор, центр внимания"
spouse,супруг или супруга
spy,"шпион, шпионский, шпионить"
squad,"отряд, команда, отделение, бригада, отдел"
squeeze,"сжимать, сдавливать, выжимать, выдавливать, давить"
stab,"закалывать, заколоть, зарезать"
stability,"стабильность, устойчивость, прочность"
stabilize,"стабилизировать, стабилизироваться"
stake,"ставка, доля, часть, кол"
stall,"стойло, прилавок, стенд, киоск, палатка, ларёк"
stance,"позиция, положение, стойка, поза"
standing,"стоящий, постоянный"
stark,"суровый, абсолютный"
starve,"голодать, морить"
statistical,статистический
steadily,"стабильно, неуклонно, постоянно, устойчиво, неизменно"
steam,пар
steer,"управлять, рулить"
stem,"шток, стебель, основа, сдерживать"
stereotype,стереотип
stimulate,"стимулировать, подталкивать, поощрять, побуждать"
stimulus,"стимул, толчок"
stir,"мешать, перемешивать, размешивать"
storage,"хранение, хранилище, склад, накопитель, память"
straightforward,"прямой, простой, прямолинейный"
strain,"штамм, напряжение, нагрузка, растяжение"
strand,"нить, нитка, прядь"
strategic,стратегический
strengthen,"усилить, усиливать, укреплять, укрепить"
strictly,строго
striking,"яркий, поразительный, удивительный, замечательный"
strip(n),"лента, полоска"
strip(v),"раздеваться, снимать, сдирать, снимать"
strive,"стремиться, прилагать усилия"
stroke,"ход, шаг, инсульт, удар, штрих, такт"
structural,"структурный, конструктивный"
stumble,"спотыкаться, ошибаться, оступаться"
stun,"ошеломлять, оглушать"
stunning,"поразительный, потрясающий, великолепный, восхитительный"
submission,"представление, подача"
subscriber,"абонент, подписчик, пользователь"
subscription,"подписка, абонемент"
subsequent,"последующий, дальнейший, очередной"
subsequently,"впоследствии, в дальнейшем, затем, позже"
subsidy,"субсидия, субсидирование"
substantial,"значительный, существенный, весомый"
substantially,"значительно, весомо, существенно"
substitute,"замена, заменитель, заместитель, заменить, заменять"
substitution,"замещение, подмена, замена"
subtle,"тонкий, изысканный, нежный, ловкий"
suburb,"окраина, пригород, предместье, окрестности города"
suburban,"загородный, пригородный"
succession,"преемственность, последовательность"
successive,"последовательный, последующий"
successor,"наследник, преемник, правопреемник"
suck,"сосать, всасывать"
sue,"подавать иск, подавать в суд"
suffering,"страдание, страдания"
sufficient,достаточный
sufficiently,достаточно
suicide,"суицид, самоубийство"
suite,"набор, пакет, комплект"
summit,"саммит, вершина, верх"
super,"супер, превосходный, очень, крайне"
superb,"превосходный, великолепный, прекрасный, бесподобный"
superior,"превосходный, высший, лучший"
supervise,"наблюдать, контролировать"
supervision,"контроль, надзор"
supervisor,"руководитель, начальник"
supplement,"дополнять, добавка, дополнение"
supportive,"поддерживающий, вспомогающий"
supposedly,"якобы, предположительно"
suppress,"подавлять, сдерживать"
supreme,"верховный, высший"
surge,"всплеск, повышение, волна, подъём, подниматься"
surgeon,хирург
surgical,хирургический
surplus,"избыток, излишек, профицит"
surrender,"сдаваться, капитулировать, сдавать, капитуляция, сдача"
surveillance,"слежка, наблюдение, надзор"
survival,выживание
survivor,выживший
suspend,"приостанавливать, подвешивать, откладывать"
suspension,"подвеска, приостановление"
suspicion,"подозрение, сомнение"
suspicious,"подозрительный, недоверчивый, недоверительный"
sustain,"поддерживать, выдерживать"
sustainable,устойчивый
swallow,"глотать, проглатывать, сдерживать"
swing,"качели, размах, качать, поворачивать, раскачивать"
sword,меч
symbolic,"символический, символьный, знаковый"
sympathetic,"сочувствующий, симпатичный, милый, приятный"
syndrome,"синдром, совокупность симптомов"
synthesis,"синтез, обобщение"
systematic,"систематический, системный"
tackle,"снасть, захват, решать, бороться"
tactic,тактика
tactical,"тактический, боевой, оперативный"
tag,"тег, бирка, метка, пометить, метить, помечать"
tap,"кран, отвод, смеситель, нажать, нажимать"
taxpayer,налогоплательщик
technological,технологический
teens,подростки
temple,"храм, висок"
temporarily,"временно, на время"
tempt,"искушать, соблазнять, уговаривать, склонять"
tenant,"арендатор, съёмщик"
tendency,"тенденция, склонность"
tender,"предложение, нежный, ласковый, хрупкий, чуткий, чувствительный"
tension,"напряжение, натяжение, напряжённость"
tenure,"должность, владение, срок полномочий"
terminal,"терминал, вокзал, конечная станция, завершающий, последний"
terminate,"прекратить, прекращать, прерывать, прервать, закончить, заканчивать"
terms,"условия, сроки"
terrain,"местность, территория, рельеф, район"
terribly,ужасно
terrific,"страшный, ужасающий"
terrify,"пугать, ужасать"
territory,территория
terror,"террор, ужас, страх"
terrorism,терроризм
terrorist,"террорист, террористический"
testify,свидетельствовать
testimony,"свидетельство, показание"
testing,"тестирование, испытание"
textbook,учебник
texture,"текстура, фактура"
thankfully,"к счастью, с благодарностью, благодарно"
theatrical,"театральный, сценический"
theft,"кража, хищение, воровство"
theology,"богословие, теология"
theoretical,"теоретический, аналитический"
therapist,терапевт
thereafter,"затем, впоследствии, соответственно"
thereby,"тем самым, таким образом, вследствие чего, в связи с этим"
thesis,"тезис, диссертация, положение"
thoughtful,"продуманный, задумчивый, вдумчивый, содержательный"
thought-provoking,заставляющий задуматься
thorough,"тщательный, всесторонний, обстоятельный, основательный, полный"
thoroughly,"тщательно, полностью"
thread,"нить, нитка, резьба"
threshold,"порог, лимит, планка"
thrilled,"взволнованный, взбудораженный, очарованный"
thrive,"процветать, преуспевать"
thumb,большой палец
tide,"прилив, отлив, течение"
tighten,"затянуть, затягивать, натягивать, натянуть"
timber,"лес, древесина, деревоматериалы, лесоматериалы"
timely,"своевременный, актуальный"
timing,"хронометраж, синхронизация, момент"
tissue,"ткань, салфетка"
tobacco,табак
tolerance,"толерантность, терпимость, допуск, переносимость"
tolerate,"терпеть, выдерживать"
toll,"плата, сбор, пошлина, плата за проезд, звон, потери"
ton,тонна
tonne,тонна
top,"быть во главе, покрывать что-либо"
torture,"пытка, мука, истязание, муки, наказание, мучить, пытать, терзать"
toss,"бросить, бросать, швырнуть, швырять, выбрасывать"
total,"подсчитывать, насчитывать, равняться"
tournament,"турнир, чемпионат, соревнование"
toxic,"токсичный, токсический, ядовитый"
trace,"выслеживать, выходить на кого-то, отслеживать, след, отпечаток"
trademark,"товарный знак, товарная марка"
trading,"торговля, трейдинг"
tragedy,"трагедия, несчастье"
tragic,трагический
trail,"тропа, маршрут, след, тропинка, тащить, выслеживать"
trailer,"трейлер, прицеп"
trait,"признак, черта, качество"
transaction,"транзакция, сделка, операция, дело"
transcript,"транскрипция, стенограмма, выписка"
transformation,"трансформация, преобразование"
transit,"транзит, перевозка"
transmission,"трансмиссия, коробка передач, передача"
transmit,"передать, передавать"
transparency,"прозрачность, транспарентность"
transparent,прозрачный
transportation,"транспортировка, перевозка, грузоперевозка"
trap,"ловушка, поставить ловушку, поймать в ловушку"
trauma,травма
treasure,"сокровище, клад"
treaty,"договор, соглашение"
tremendous,"огромный, потрясающий, колоссальный, громадный, невероятный"
tribal,"племенной, родоплеменной, родовой"
tribe,племя
tribunal,"суд, трибунал, судейская коллегия"
tribute,"дань, должное, награда"
trigger,"триггер, спусковой крючок, вызывать, спускать"
trillion,триллион
trio,"трио, троица"
triumph,триумф
troop,"отряд, группа"
trophy,"трофей, приз"
troubled,"трудный, беспокойный, проблемный"
trustee,"попечитель, доверенное лицо, управляющий"
tsunami,цунами
tuition,обучение
turnout,"публика, явка"
turnover,"оборот, товарооборот, текучесть кадров, передача мяча"
twist,"твист, поворот, изгиб, скрутить, крутить, скручивать"
ultimate,"окончательный, конечный, максимальный, высший"
unacceptable,"неприемлемый, недопустимый"
uncertainty,"неопределённость, неуверенность, неизвестность, неточность"
undergo,"приходить, подвергаться, претерпевать, переживать"
undergraduate,студент
underlying,"основной, основополагающий"
undermine,"подрывать, ослаблять, разрушать"
undertake,"предпринимать, обязаться, браться, брать на себя"
undoubtedly,"несомненно, безусловно, бесспорно"
unfold,"раскрыть, развернуть, раскрывать, разворачивать"
unfortunate,"неудачный, несчастный, досадный, прискорбный"
unify,"унифицировать, объединять, консолидировать"
unite,"объединять, объединяться, сплотить, сплотиться"
unity,"единство, сплоченность"
universal,"универсальный, всеобщий"
unprecedented,"беспрецедентный, небывалый, невиданный"
unveil,"раскрывать, обнародовать, представлять, разоблачать, проливать свет"
upcoming,"наступающий, предстоящий, будущий"
upgrade,"улучшение, обновление, модернизация, модернизировать, улучшать"
uphold,"поддерживать, соблюдать, защищать"
urgent,"срочный, неотложный, экстренный"
usage,"использование, применение, употребление"
useless,"бесполезный, ненужный, непригодный"
utility,"утилита, полезность, коммунальные услуги, коммунальные службы"
utilize,"использовать, воспользоваться, пользоваться"
utterly,"совершенно, точно, полностью, крайне"
vacuum,"вакуум, пылесос, пустота, безвоздушное пространство"
vague,"туманный, нечёткий, смутный, неясный, расплывчатый"
valid,"валидный, действительный, действующий"
validity,"действительность, валидность, достоверность, обоснованность"
vanish,"исчезать, пропадать"
variable,"переменная, переменный, изменчивый"
variation,"вариация, вариант, разновидность, отклонение, колебание"
varied,"разнообразный, различный"
vein,вена
venture,"предприятие, авантюра, компания, рисковать"
verbal,"устный, вербальный, отглагольный, словесный"
verdict,"приговор, решение, вердикт"
verify,"проверить, проверять, подтвердить, подтверждать"
verse,"куплет, строфа, стих"
versus,"против, по сравнению с"
vertical,вертикальный
vessel,"судно, сосуд"
veteran,"ветеран, участник войны"
viable,"жизнеспособный, приемлемый, возможный, перспективный"
vibrant,"яркий, живой, энергичный, динамичный"
vice,"порок, недостаток"
vicious,"порочный, злобный"
viewpoint,"точка зрения, взгляд, мнение, точка обзора"
villager,"крестьянин, сельский житель"
violate,"нарушать, преступать"
violation,"нарушение, насилие"
virtue,"добродетель, достоинство, преимущество"
visa,виза
visible,"видимый, явный"
vocal,"вокальный, речевой"
voluntary,добровольный
voting,"голосование, выборы"
vow,"обет, клятва, клясться, давать обет"
vulnerability,"уязвимость, слабое место"
vulnerable,"уязвимый, ранимый, чувствительный"
wander,"бродить, блуждать, странствовать"
ward,"отделение, палата, больничная палата"
warehouse,"склад, складское помещение, хранилище"
warfare,"война, борьба, ведение войны, вражда"
warming,"потепление, согревание"
warrant,"гарантировать, ручаться, оправдывать, ордер, распоряжение"
warrior,"воин, воитель"
weaken,"ослабить, ослаблять"
weave,"ткать, плести"
weed,"сорняк, трава"
weekly,"еженедельно, еженедельный, недельный"
weird,"странный, чудаковатый, чудной, своеобразный"
welfare,"благосостояние, благополучие, социальное обеспечение"
well,"колодец, скважина, лунка"
well-being,"благополучие, самочувствие, здоровье, благосостояние"
whatsoever,"вообще, что угодно"
wheat,"пшеница, пшеничный"
whereby,"посредством, тем самым, посредством чего"
whilst,"в то время как, пока, тогда как"
whip,"хлыст, кнут, сечь, взбивать, хлестать"
whoever,"кто бы ни, кто бы то ни был"
wholly,"полностью, целиком"
widen,"расширить, расширять, расширяться"
widespread,"широкораспространённый, массовый, масштабный, повсеместный"
widow,вдова
width,ширина
willingness,"готовность, желание"
wipe,"протирать, обтирать, влажная салфетка"
wisdom,мудрость
wit,"ум, остроумие, смекалка"
withdraw,"отзывать, отбирать, изымать, отводить, выходить, выводить"
withdrawal,"вывод, снятие, аннулирование, отвод"
workforce,"персонал, рабочая сила, сотрудники, трудовые ресурсы"
workout,тренировка
workplace,"рабочее место, место работы"
workshop,"семинар, мастерская, мастер-класс, практикум"
worm,"червь, глист, шнек, личинка, червяк"
worship,"поклонение, богослужение, чтить, славить"
worthwhile,"ценный, стоящий, целесообразный, достойный"
worthy,достойный
wrist,запястье
yell,"крик, вопль, кричать, вопить"
yield,"доходность, выход, урожай, доход, давать, приносить, производить"
youngster,"молодой человек, юноша, мальчик, парень, подросток, молодняк"
